"","race","Orleans","Jefferson","St. Tammany","Metro","U.S."
"1","Black",0.257182713579168,0.229362346415125,0.291651591895803,0.240650335310901,0.254069802699601
"2","White,
non-Hispanic",0.702318523642693,0.362160081623177,0.389488441171776,0.41644679074181,0.395342161792336
"3","Hispanic,
any race",0.388038139266108,0.245304114490161,0.255196616575182,0.260925502648399,0.203502159104012
"4","Asian",0.532939755803032,0.460332506927228,0.406030150753769,0.469439861733051,0.574114643107906
"5","All",0.435496164390834,0.317218311616994,0.361762758547631,0.34702316275031,0.356577227289198
