"","year","071-census2000","071-pctbach","051-census2000","051-pctbach","103-census2000","103-pctbach","35380-census2000","35380-pctbach","1-census2000","1-pctbach"
"1",2022,0.2575,0.435496164390834,0.2149,0.317218311616994,0.2832,0.361762758547631,0.2256,0.34702316275031,0.244,0.356577227289198
