"","year","071-census2000","071-pctbach","051-census2000","051-pctbach","103-census2000","103-pctbach","35380-census2000","35380-pctbach","1-census2000","1-pctbach"
"1",2021,0.2575,0.415005231127418,0.2149,0.283952919926572,0.2832,0.396855586506393,0.2256,0.335848804745723,0.244,0.350156667940323
