"","race","Orleans","Jefferson","St. Tammany","Metro","U.S."
"1","Black",0.462074392981969,0.302982244440614,0.184326146929601,0.349954913402639,0.297703299569818
"2","White,
non-Hispanic",0.081068127353646,0.101038433993793,0.125861425550442,0.118343743628714,0.102094578578774
"3","Hispanic,
any race",0.252115059221658,0.247325631151048,0.263048803467119,0.256642709354242,0.21954767142877
"4","Asian",0.0469341408024224,0.145108695652174,NA,0.0933583959899749,0.100848294050054
"5","All",0.334997524927516,0.189246917442475,0.158951585654294,0.219445862221841,0.162587063165396
