"","year","071-sf1999","071-pctBelowChildPov","051-sf1999","051-pctBelowChildPov","35380-sf1999","35380-pctBelowChildPov","1-sf1999","1-pctBelowChildPov"
"1",2023,0.405335277425019,0.319893733395843,0.203424572811931,0.225760523427056,0.287278186639204,0.252934320949125,0.165623049311021,0.159939429840613
