"","year","071-sf1999","071-pctBelowChildPov","051-sf1999","051-pctBelowChildPov","35380-sf1999","35380-pctBelowChildPov","1-sf1999","1-pctBelowChildPov"
"1",2023,0.515110342922127,0.319893733395843,0.281231883579632,0.225760523427056,0.385628932495482,0.252934320949125,0.231502729199044,0.159939429840613
