"","year","071-sf1999","071-pctBelowChildPov","051-sf1999","051-pctBelowChildPov","103-sf1999","103-pctBelowChildPov","35380-sf1999","35380-pctBelowChildPov","1-sf1999","1-pctBelowChildPov"
"1",2022,0.4053,0.334997524927516,0.2034,0.189246917442475,0.123,0.158951585654294,0.2623,0.219445862221841,0.1656,0.162587063165396
