"","year","071-sf1999","071-pctBelowChildPov","051-sf1999","051-pctBelowChildPov","103-sf1999","103-pctBelowChildPov","35380-sf1999","35380-pctBelowChildPov","1-sf1999","1-pctBelowChildPov"
"1",2021,0.4053,0.368844696969697,0.2034,0.237409397650587,0.123,0.191759686383173,0.2623,0.255579939559649,0.1656,0.169345853277244
