"","commutefinal","Orleans-2000","Orleans-2022","Jefferson-2000","Jefferson-2022","New Orleans Metro Area-2000","New Orleans Metro Area-2022","United States-2000","United States-2022"
"1","DroveAlone",0.602809706257982,0.628133276579644,0.78545496181021,0.772472008092365,0.730072244632492,0.734707497653724,0.756958484346351,0.686554504666824
"2","Carpool",0.161412378181587,0.0820622871736663,0.137230393443092,0.0884479502498966,0.146464991769266,0.0823681740762626,0.121875156591993,0.0864445305169828
"3","PublicTransit",0.136738684599609,0.0405611520998865,0.0255186989232435,0.00980152778262234,0.0560040531324999,0.016086760054225,0.0473007445913223,0.0312193653047892
"4","Bike",0.0115896408642152,0.0190065739689746,0.00323933381358803,0.000906902926505982,0.00587809397587404,0.00650005213945566,0.00380807561454922,0.00455400616683249
"5","Walk",0.0520500468990954,0.0606377695800227,0.0174322912442572,0.0135985609144771,0.0272183975751328,0.0287879314539956,0.0293031230278374,0.0240075311561249
"6","Workhome",0.0266450453887856,0.141180713204692,0.0203567560862741,0.095498871354325,0.0241066717155514,0.112753310855435,0.0326180868503512,0.151837562338032
"7","Other",0.00748795726618019,0.0219329360575104,0.00936019579125141,0.00946766791407344,0.00898981983545544,0.0134693593798881,0.00702606348706745,0.0116475985188881
