"","commutefinal","Orleans-2000","Orleans-2023","Jefferson-2000","Jefferson-2023","New Orleans Metro Area-2000","New Orleans Metro Area-2023","United States-2000","United States-2023"
"1","DroveAlone",0.602809706257982,0.61104264378625,0.78545496181021,0.788431226464342,0.717078459650771,0.725681483108002,0.756958484346351,0.691823232939642
"2","Carpool",0.161412378181587,0.0853693439013136,0.137230393443092,0.0960584267157273,0.148245474277509,0.0896985476332382,0.121875156591993,0.0899415534275548
"3","PublicTransit",0.136738684599609,0.0437068144782108,0.0255186989232435,0.00665460424617474,0.0655171914345956,0.0198518505240799,0.0473007445913223,0.0353080892364885
"4","Bike",0.0115896408642152,0.0182700675782231,0.00323933381358803,0.00172320292741768,0.00648054078995558,0.00812223003947964,0.00380807561454922,0.00468962061210145
"5","Walk",0.0520500468990954,0.0591499278659416,0.0174322912442572,0.0216109920073794,0.0306439364940109,0.0326636881422163,0.0293031230278374,0.0244169479207565
"6","Workhome",0.0266450453887856,0.156784982097904,0.0203567560862741,0.0746552327084189,0.0218252695569768,0.105916120329998,0.0326180868503512,0.138434173614716
"7","Other",0.00748795726618019,0.0131535141260097,0.00936019579125141,0.00740977258789602,0.0089738523007782,0.00991696280130673,0.00702606348706745,0.0115655478117588
