"","commutefinal","Orleans-2000","Orleans-2021","Jefferson-2000","Jefferson-2021","New Orleans Metro Area-2000","New Orleans Metro Area-2021","United States-2000","United States-2021"
"1","DroveAlone",0.602809706257982,0.63383760044283,0.78545496181021,0.759498159988487,0.729060844939301,0.736250401065445,0.756958484346351,0.678162704672783
"2","Carpool",0.161412378181587,0.0709441169851031,0.137230393443092,0.107995312596369,0.146427955946182,0.0851531397822864,0.121875156591993,0.0778823700963992
"3","PublicTransit",0.136738684599609,0.0419654859881871,0.0255186989232435,0.00505746181205156,0.0567071209916551,0.0142662787758855,0.0473007445913223,0.0245818564734742
"4","Bike",0.0115896408642152,0.0153469953831274,0.00323933381358803,0.00249275302728151,0.00592690505759012,0.00550109430370558,0.00380807561454922,0.00399284760475575
"5","Walk",0.0520500468990954,0.0380177253842832,0.0174322912442572,0.0130239921054255,0.0272964536285415,0.0184319819892488,0.0293031230278374,0.0220291163263746
"6","Workhome",0.0266450453887856,0.177825629421461,0.0203567560862741,0.0967753541251208,0.0242725949930444,0.122081632726223,0.0326180868503512,0.178649157055101
"7","Other",0.00748795726618019,0.0132301684337305,0.00936019579125141,0.00835200756563393,0.00902538300136624,0.0132105132024471,0.00702606348706745,0.0117007135164164
