"","year","071-census2000","071-forborpct","051-census2000","051-forborpct","103-census2000","103-forborpct","35380-census2000","35380-forborpct","1-census2000","1-forborpct"
"1",2022,0.0425,0.0596566860221393,0.0748,0.116400240441059,0.0237,0.035877524582545,0.048,0.0710573787330201,0.1105,0.13856555799103
