"","year","071-census2000","071-forborpct","051-census2000","051-forborpct","35380-census2000","35380-forborpct","1-census2000","1-forborpct"
"1",2023,0.0424635940859217,0.0674335962387679,0.074784945528316,0.140202049898406,0.0520219667881423,0.0957049986228973,0.110538264210321,0.142816612731373
