"","year","071-census2000","071-forborpct","051-census2000","051-forborpct","103-census2000","103-forborpct","35380-census2000","35380-forborpct","1-census2000","1-forborpct"
"1",2021,0.0425,0.0567550289014274,0.0748,0.136247717252956,0.0237,0.044905489479858,0.048,0.0784401684676388,0.1105,0.13639938589382
