"","year","071-Ownerpct2000","071-Ownerpct","051-Ownerpct2000","051-Ownerpct","103-Ownerpct2000","103-Ownerpct","35380-Ownerpct2000","35380-Ownerpct","1-Ownerpct2000","1-Ownerpct"
"1",2022,0.465277740888495,0.550510339342524,0.638633861797383,0.63467571004663,0.804571643105714,0.782063726922316,0.618411761564464,0.658943557018114,0.661885534220336,0.651793941135155
