"","year","071-Ownerpct2000","071-Ownerpct","051-Ownerpct2000","051-Ownerpct","103-Ownerpct2000","103-Ownerpct","35380-Ownerpct2000","35380-Ownerpct","1-Ownerpct2000","1-Ownerpct"
"1",2021,0.465277740888495,0.525829991122416,0.638633861797383,0.636306494228897,0.804571643105714,0.797687917097245,0.615086233696426,0.651797666104978,0.661885534220336,0.653864632431305
