"","year","071-Ownerpct2000","071-Ownerpct","051-Ownerpct2000","051-Ownerpct","35380-Ownerpct2000","35380-Ownerpct","1-Ownerpct2000","1-Ownerpct"
"1",2023,0.46499088982263,0.558833586013354,0.638548747687733,0.630645115633934,0.588697441821024,0.631147951643044,0.661892739370813,0.652435309926662
