"","year","071-census2000","071-Ownerpct","051-census2000","051-Ownerpct","103-census2000","103-Ownerpct","35380-census2000","35380-Ownerpct","1-census2000","1-Ownerpct"
"1",2021,0.465,0.525829991122416,0.6385,0.636306494228897,0.8048,0.797687917097245,0.6183,0.651797666104978,0.6619,0.653864632431305
