"","year","071-sf2004","071-hoburpct","051-sf2004","051-hoburpct","103-sf2004","103-hoburpct","35380-sf2004","35380-hoburpct","1-sf2004","1-hoburpct"
"1",2022,0.13226868,0.152747897516135,0.0681597,0.0952724583036415,0,0.0935317964542869,0,0.107743756199273,0.07895178,0.0982200938942372
