"","year","071-medgrossrent2004","071-rentburpct2004","071-hoburpct2004","071-sf2004","071-rentburpct2004MOE","071-hoburpct2004MOE","071-hoburpct","051-medgrossrent2004","051-rentburpct2004","051-hoburpct2004","051-sf2004","051-rentburpct2004MOE","051-hoburpct2004MOE","051-hoburpct","35380-medgrossrent2004","35380-rentburpct2004","35380-hoburpct2004","35380-sf2004","35380-rentburpct2004MOE","35380-hoburpct2004MOE","35380-hoburpct","1-medgrossrent2004","1-rentburpct2004","1-hoburpct2004","1-sf2004","1-rentburpct2004MOE","1-hoburpct2004MOE","1-hoburpct"
"1",2023,566,0.243198046054152,0.161979872956962,0.161979872956962,0.0464303941447153,0.0337012478032048,0.162640788532986,654,0.216698564593301,0.0890644592734192,0.0890644592734192,0.0548032999147591,0.0277206987033663,0.11675439629633,NA,NA,NA,0,NA,NA,0.133845215255312,694,0.238411703804142,0.0988198078726932,0.0988198078726932,0.003148221927303,0.000988951160451465,0.101519033055997
