"","year","071-census2000","071-honomopct","051-census2000","051-honomopct","103-census2000","103-honomopct","35380-census2000","35380-honomopct","1-census2000","1-honomopct"
"1",2022,0.3298,0.428432116155597,0.3458,0.475064564965714,0.2967,0.373927504097175,0.3476,0.435427266876343,0.3259,0.39285228414285
