"","year","071-census2000","071-honomopct","051-census2000","051-honomopct","103-census2000","103-honomopct","35380-census2000","35380-honomopct","1-census2000","1-honomopct"
"1",2021,0.3298,0.428456822644763,0.3458,0.452514161829499,0.2967,0.351570918336461,0.3476,0.425453326407094,0.3259,0.387097049596084
