"","race","Orleans","Jefferson","St. Tammany","Metro","U.S."
"1","Black",0.486606413334507,0.450916077034816,0.598795180722892,0.501550662497179,0.440982525016701
"2","White,
non-Hispanic",0.641176908475081,0.740950872585479,0.825395847452406,0.765367171139431,0.729759814344451
"3","Hispanic,
any race",0.496262295081967,0.486919260261615,0.771939136588818,0.550782848956201,0.510504271878359
"4","Asian",0.686766712141883,0.727588424437299,0.610567514677104,0.716995447647951,0.632727797404467
"5","All",0.550510339342524,0.63467571004663,0.782063726922316,0.658943557018114,0.651793941135155
