"","year","071-census2000","071-pctless","051-census2000","051-pctless","103-census2000","103-pctless","35380-census2000","35380-pctless","1-census2000","1-pctless"
"1",2021,0.2531,0.101601756479967,0.2073,0.145068666620856,0.1613,0.0918916588990242,0.1536,0.118956420617288,0.196,0.106367993957969
