"","year","071-census2000","071-pctless","051-census2000","051-pctless","103-census2000","103-pctless","35380-census2000","35380-pctless","1-census2000","1-pctless"
"1",2022,0.2531,0.10774592075476,0.2073,0.118842460852346,0.1613,0.083556238247835,0.1536,0.109295423272097,0.196,0.103719302374136
