"","year","071-pcthwc2000","071-pcthwc","051-pcthwc2000","051-pcthwc","35380-pcthwc2000","35380-pcthwc","1-pcthwc2000","1-pcthwc"
"1",2023,0.300724656916094,0.196580755459501,0.325097492404662,0.225872562063011,0.32553259243477,0.222177966823481,0.333851583491475,0.256116527564113
