"","year","071-census2000","071-pcthwc","051-census2000","051-pcthwc","103-census2000","103-pcthwc","35380-census2000","35380-pcthwc","1-census2000","1-pcthwc"
"1",2021,0.3007,0.188765134391508,0.3251,0.241785565289946,0.397,0.306278550940189,0.3353,0.243806989086442,0.3339,0.263409597558441
