"","year","071-pcthwc","051-pcthwc","35380-pcthwc","1-pcthwc"
"1",2023,0.196580755459501,0.225872562063011,0.222177966823481,0.256116527564113
