"","year","071-census2000","071-pcthwc","051-census2000","051-pcthwc","103-census2000","103-pcthwc","35380-census2000","35380-pcthwc","1-census2000","1-pcthwc"
"1",2022,0.3007,0.203307264050901,0.3251,0.226740144128868,0.397,0.291370194799687,0.3353,0.240919411464637,0.3339,0.25985407604079
