"","year","071-census2000","071-MedianHHIncome","051-census2000","051-MedianHHIncome","103-census2000","103-MedianHHIncome","35380-census2000","35380-MedianHHIncome","1-census2000","1-MedianHHIncome"
"1",2021,39842.336702991,46942,56438.293265745,56282,70311.819863241,66582,51859.794543159,56837,61664.360281038,69717
