"","race","Orleans_2000","Orleans_2022","Jefferson_2000","Jefferson_2022","Plaquemines_2000","Plaquemines_2022","St. Bernard_2000","St. Bernard_2022","St. Charles_2000","St. Charles_2022","St. James_2000","St. James_2022","St. John the Baptist_2000","St. John the Baptist_2022","St. Tammany_2000","St. Tammany_2022","Metro_2000","Metro_2022","United States_2000","United States_2022"
"1","White, non-Hispanic",0.266,0.317656031524088,0.645,0.504822909524659,0.688,0.618315864274294,0.844,0.588817194631174,0.705,0.647554806070826,0.497,0.497657416465016,0.51,0.30676801123821,0.853,0.75472347152743,0.547,0.508530095267442,0.691,0.588758751650605
"2","Black",0.667,0.575482286632283,0.227,0.273424218801364,0.233,0.213892343222597,0.076,0.250207963308528,0.251,0.252500098043061,0.492,0.468722648406528,0.446,0.582329921733895,0.098,0.142514720251187,0.373,0.344505912487482,0.121,0.126228747867716
"3","Hispanic, any race",0.031,0.0592537099491817,0.071,0.157188342365527,0.016,0.0838514833895896,0.051,0.110411654938285,0.028,0.069041923212675,0.006,0.0192040364516295,0.029,0.0819034718041341,0.025,0.0644397521801342,0.044,0.0966316154379478,0.125,0.191019270485396
"4","Asian",0.023,0.0302448417710393,0.031,0.0449018981694546,0.026,0.0434801918635637,0.013,0.0217855617257582,0.006,0.011529863916232,0,0.0026257529732791,0.005,0.0106110776640578,0.008,0.0152929595298302,0.021,0.0300880453483296,0.037,0.0608364296060414
