"","race","Orleans_2000","Orleans_2021","Jefferson_2000","Jefferson_2021","Plaquemines_2000","Plaquemines_2021","St. Bernard_2000","St. Bernard_2021","St. Charles_2000","St. Charles_2021","St. James_2000","St. James_2021","St. John the Baptist_2000","St. John the Baptist_2021","St. Tammany_2000","St. Tammany_2021","Metro_2000","Metro_2021","United States_2000","United States_2021"
"1","White, non-Hispanic",0.266,0.312326412376549,0.645,0.508644463300806,0.688,0.629446852336609,0.844,0.595734104568666,0.705,0.643548448796909,0.497,0.489464086718671,0.51,0.314724188720483,0.853,0.76473710781475,0.547,0.508773695715235,0.691,0.593061586623153
"2","Black",0.667,0.584511805947938,0.227,0.275472228883437,0.233,0.203664764193451,0.076,0.245763477789326,0.251,0.259075781339658,0.492,0.477965758281836,0.446,0.580771606404713,0.098,0.135603664602729,0.373,0.348248351860864,0.121,0.126120291902458
"3","Hispanic, any race",0.031,0.0569990795047895,0.071,0.152660437918504,0.016,0.0838089516371283,0.051,0.10795788332053,0.028,0.0671550438009258,0.006,0.0183871948130888,0.029,0.076329168052454,0.025,0.0623004736662361,0.044,0.0937564891267993,0.125,0.188756326215187
"4","Asian",0.023,0.0291189507946235,0.031,0.0438195200236114,0.026,0.0437711882590224,0.013,0.02200732071038,0.006,0.0113232087525343,0,0.0027352851788066,0.005,0.0114030503159595,0.008,0.0147779411109626,0.021,0.0293898992332725,0.037,0.0593138656469708
