"","race","Orleans_2000","Orleans_2023","Jefferson_2000","Jefferson_2023","Plaquemines_2000","Plaquemines_2023","St. Bernard_2000","St. Bernard_2023","St. Charles_2000","St. Charles_2023","St. James_2000","St. James_2023","St. John the Baptist_2000","St. John the Baptist_2023","Metro_2000","Metro_2023","United States_2000","United States_2023"
"1","White, non-Hispanic",0.281098222722902,0.309604103961157,0.698071864859287,0.482314113856374,0.699144149194603,0.600107209863307,0.883859643903673,0.555855430357826,0.723206856382093,0.637060450414856,0.498868778280543,0.497941743525611,0.524184555338723,0.296676096181047,0.52355166957708,0.423904423877401,0.751020871132896,0.583529090278293
"2","Black",0.670999475936403,0.561163960717973,0.228392459590837,0.264995483395254,0.228538326419255,0.209907978200661,0.0686459712326526,0.252996873805186,0.249313529705442,0.24792572105887,0.496134992458522,0.46662498045959,0.445637022581544,0.57928369367549,0.420132268255793,0.391301907676958,0.122100445158665,0.126339821344763
"3","Hispanic, any race",0.0310146614012718,0.0811866994749215,0.0707561047366873,0.18921136050567,0.0180513510483238,0.10050924685071,0.0521501137901798,0.139576726716596,0.0283741055084041,0.0835835638087712,0.00334653092006033,0.0205825647438904,0.0293653006226187,0.0956758941200243,0.0470553653077566,0.131202028758061,0.125215842294807,0.194733485950214
"4","Asian",0.0216702360762079,0.0301563152228838,0.0302766836602513,0.0439284266330312,0.0238068542811227,0.045430179576521,0.0160496214431272,0.0226030632211052,0.00802962223331669,0.0114776768075859,0.00122549019607843,0.00291803449533636,0.00731809311402286,0.0106587189331178,0.0233205228625907,0.0338715293115006,0.03614437889565,0.061763227938847
