"","race","Orleans_2000","Orleans_2023","Jefferson_2000","Jefferson_2023","Plaquemines_2000","Plaquemines_2023","St. Bernard_2000","St. Bernard_2023","St. Charles_2000","St. Charles_2023","St. James_2000","St. James_2023","St. John the Baptist_2000","St. John the Baptist_2023","St. Tammany_2000","St. Tammany_2023","Metro_2000","Metro_2023","United States_2000","United States_2023"
"1","White, non-Hispanic",0.266,0.309604103961157,0.645,0.482314113856374,0.688,0.600107209863307,0.844,0.555855430357826,0.705,0.637060450414856,0.497,0.497941743525611,0.51,0.296676096181047,0.853,0.733818849493619,0.547,0.492906472076707,0.691,0.583529090278293
"2","Black",0.667,0.561163960717973,0.227,0.264995483395254,0.233,0.209907978200661,0.076,0.252996873805186,0.251,0.24792572105887,0.492,0.46662498045959,0.446,0.57928369367549,0.098,0.14511780479928,0.373,0.33648933385471,0.121,0.126339821344763
"3","Hispanic, any race",0.031,0.0811866994749215,0.071,0.18921136050567,0.016,0.10050924685071,0.051,0.139576726716596,0.028,0.0835835638087712,0.006,0.0205825647438904,0.029,0.0956758941200243,0.025,0.0822147955425407,0.044,0.120295084298258,0.125,0.194733485950214
"4","Asian",0.023,0.0301563152228838,0.031,0.0439284266330312,0.026,0.045430179576521,0.013,0.0226030632211052,0.006,0.0114776768075859,0,0.00291803449533636,0.005,0.0106587189331178,0.008,0.0156359427105446,0.021,0.0298113994124814,0.037,0.061763227938847
