"","race","Orleans_2000","Orleans_2021","Jefferson_2000","Jefferson_2021","Plaquemines_2000","Plaquemines_2021","St. Bernard_2000","St. Bernard_2021","St. Charles_2000","St. Charles_2021","St. James_2000","St. James_2021","St. John the Baptist_2000","St. John the Baptist_2021","St. Tammany_2000","St. Tammany_2021","Metro_2000","Metro_2021","United States_2000","United States_2021"
"1","White, non-Hispanic",0.266,0.353600144308183,0.645,0.640068436295217,0.688,0.695189460584474,0.844,0.683017759501107,0.705,0.699552427221606,0.497,0.502482018032621,0.51,0.374495177459971,0.853,0.819505694388763,0.547,0.586766857463506,0.691,0.757656975427482
"2","Black",0.667,0.595181061673179,0.227,0.289323200088543,0.233,0.21087413637729,0.076,0.254801391838764,0.251,0.265196434719406,0.492,0.481308884611488,0.446,0.590630493657053,0.098,0.138513964987305,0.373,0.357903379973148,0.121,0.135768925081731
"3","Hispanic, any race",0.031,0.0569990795047895,0.071,0.152660437918504,0.016,0.0838089516371283,0.051,0.10795788332053,0.028,0.0671550438009258,0.006,0.0183871948130888,0.029,0.076329168052454,0.025,0.0623004736662361,0.044,0.0937564891267993,0.125,0.188756326215187
"4","Asian",0.023,0.0296309265168939,0.031,0.0446865027392965,0.026,0.0458310088829764,0.013,0.0232952234624249,0.006,0.0117631307142037,0,0.00400162090973559,0.005,0.0121870100251817,0.008,0.0154609707930569,0.021,0.0301341178671122,0.037,0.0613162595155266
