"","race","Orleans","Jefferson","St. Tammany","Metro","U.S."
"1","Black",0.332198201645303,0.279218440482622,0.236322162959981,0.288823303463332,0.218046268617792
"2","White,
non-Hispanic",0.120373867898838,0.112490313490666,0.0982651784473,0.110406097507895,0.0945270010084323
"3","Hispanic,
any race",0.204615384615385,0.159443382196728,0.342116244411326,0.188300740296975,0.17523391489029
"4","Asian",0.166421207658321,0.240248179120583,NA,0.192535700727156,0.101887506743181
"5","All",0.248138856539579,0.172570829058599,0.139759876152171,0.183803338533892,0.127688503589644
