"","race","Orleans","Jefferson","St. Tammany","Metro","U.S."
"1","Black",0.300450691160605,0.206414917425187,0.147197200068851,0.24365756046633,0.212965920436037
"2","White,
non-Hispanic",0.106666787327041,0.0958656676478459,0.0877913142312044,0.0978540407190412,0.094756253753428
"3","Hispanic,
any race",0.199741589701871,0.195519348268839,0.190133069905282,0.189591328919067,0.1677548492866
"4","Asian",0.094193685102776,0.13741072866885,NA,0.127593116454503,0.100557037012126
"5","All",0.222455847602836,0.141086884548077,0.106630472621155,0.156842780287937,0.125803145949175
