"","year","071-sf2004","071-sf2004MOE","071-rentburpct","051-sf2004","051-sf2004MOE","051-rentburpct","103-sf2004","103-sf2004MOE","103-rentburpct","35380-sf2004","35380-sf2004MOE","35380-rentburpct","1-sf2004","1-sf2004MOE","1-rentburpct"
"1",2021,0.2304765,0.044544178,0.370725054261747,0.2019471,0.052252324,0.292660896983233,0,0,0.271298550111123,0,0,0.326537208781919,0.219619,0.003006082,0.261249446031681
