"","year","071-sf2004","071-rentburpct","051-sf2004","051-rentburpct","103-sf2004","103-rentburpct","35380-sf2004","35380-rentburpct","1-sf2004","1-rentburpct"
"1",2021,0.2432,0.370725054261747,0.2167,0.292660896983233,0,0.271298550111123,0.2161,0.326537208781919,0.2384,0.261249446031681
