"","year","071-medgrossrent2004","071-rentburpct2004","071-hoburpct2004","071-sf2004","071-rentburpct2004MOE","071-hoburpct2004MOE","071-rentburpct","051-medgrossrent2004","051-rentburpct2004","051-hoburpct2004","051-sf2004","051-rentburpct2004MOE","051-hoburpct2004MOE","051-rentburpct","35380-medgrossrent2004","35380-rentburpct2004","35380-hoburpct2004","35380-sf2004","35380-rentburpct2004MOE","35380-hoburpct2004MOE","35380-rentburpct","1-medgrossrent2004","1-rentburpct2004","1-hoburpct2004","1-sf2004","1-rentburpct2004MOE","1-hoburpct2004MOE","1-rentburpct"
"1",2023,566,0.243198046054152,0.161979872956962,0.243198046054152,0.0464303941447153,0.0337012478032048,0.344692256150091,654,0.216698564593301,0.0890644592734192,0.216698564593301,0.0548032999147591,0.0277206987033663,0.315382504398922,616,0.216054834602151,0.113370299951036,0.216054834602151,0.032600478181733,0.0181513059096198,0.324659013286914,694,0.238411703804142,0.0988198078726932,0.238411703804142,0.003148221927303,0.000988951160451465,0.26417166715122
