"","year","071-sf2004","071-rentburpct","051-sf2004","051-rentburpct","103-sf2004","103-rentburpct","35380-sf2004","35380-rentburpct","1-sf2004","1-rentburpct"
"1",2022,0.2304765,0.354218975264445,0.2019471,0.313255030745773,0,0.185056761506674,0,0.319658871792217,0.219619,0.266520073851394
