"","year","071-census2000","071-pctsing","051-census2000","051-pctsing","103-census2000","103-pctsing","35380-census2000","35380-pctsing","1-census2000","1-pctsing"
"1",2021,0.331,0.450609782971409,0.2665,0.325056320400501,0.1968,0.245511526612132,0.2707,0.336767114442747,0.2578,0.282649185113332
