"","year","071-census2000","071-pctsing","051-census2000","051-pctsing","103-census2000","103-pctsing","35380-census2000","35380-pctsing","1-census2000","1-pctsing"
"1",2022,0.331,0.411717921527041,0.2665,0.352296170693797,0.1968,0.264878568264709,0.2707,0.339184012322834,0.2578,0.286138711505935
