"","year","071-census2000","071-vehpct","051-census2000","051-vehpct","103-census2000","103-vehpct","35380-census2000","35380-vehpct","1-census2000","1-vehpct"
"1",2021,0.2732,0.165526012579725,0.093,0.075694618272841,0.0442,0.0430352607129405,0.1532,0.0941845540874659,0.103,0.0804697614711325
