"","year","071-census2000","071-vehpct","051-census2000","051-vehpct","35380-census2000","35380-vehpct","1-census2000","1-vehpct"
"1",2023,0.273225640235643,0.180600625786265,0.0929843276552765,0.0751606420018683,0.17051699875781,0.110308668881107,0.102967923779292,0.0843672800823803
