"","year","071-census2000","071-vehpct","051-census2000","051-vehpct","103-census2000","103-vehpct","35380-census2000","35380-vehpct","1-census2000","1-vehpct"
"1",2022,0.2732,0.172401908801697,0.093,0.0638632188780557,0.0442,0.0426165546749098,0.1532,0.0908909049081289,0.103,0.0827019731467538
