"","yrbuilt","Orleans","Jefferson","St. Tammany","New Orleans Metro Area","United States"
"1","orLater1990pct",0.175628271041238,0.204682429299954,0.618127468773353,0.298724224815275,0.364800846722836
"2","mid1950to1989pct",0.442894489499284,0.72301550507392,0.358519269776876,0.538019210326895,0.470748160104905
"3","orbefore1949pct",0.381477239459479,0.0723020656261268,0.0233532614497705,0.16325656485783,0.164450993172259
