"","WhoLivesYear","PlaceName","Rent","RentMOE","sf2004"
"1",2019,"Orleans",1010,26,757.642985968
"2",2019,"Jefferson",937,24,875.439068592
"3",2019,"St. Tammany",1107,92,0
"4",2019,"New Orleans Metro Area",983,13,824.572578368
"5",2019,"United States",1097,2,928.982742512
